App,Package,Start Time,Duration,Filename
"2048",com.tpcstld.twozerogame,"Feb 15, 2018 @ 06:06:22 PM","48 sec",""

Time  [ms],"GPU Frequency [KHz]",Time  [ms],"GPU Load [%]",Time  [ms],"CPU Load [%]",Time  [ms],"CPU1 Frequency [kHz]",Time  [ms],"CPU2 Frequency [kHz]",Time  [ms],"CPU Load (Normalized) [%]",Time  [ms],"CPU3 Frequency [kHz]",Time  [ms],"CPU4 Frequency [kHz]",
0,214000,1,0,2,27,3,1593600,3,1593600,5,0,5,1824000,5,1824000,
100,214000,102,0,103,35,105,1593600,105,1593600,116,0,116,1824000,116,1824000,
200,214000,201,0,202,69,203,1593600,203,1593600,208,61,209,1824000,209,1824000,
301,214000,302,0,303,30,304,1593600,304,1593600,312,25,312,1824000,313,1824000,
403,214000,404,0,405,78,405,1593600,406,1593600,411,73,412,1824000,412,1824000,
503,214000,515,0,519,65,520,1593600,521,1593600,535,61,536,1824000,536,1824000,
604,214000,605,0,606,75,606,1593600,607,1593600,613,66,614,1824000,614,1824000,
704,214000,705,0,706,60,706,1593600,707,1593600,713,53,714,1824000,714,1824000,
805,214000,806,0,807,53,808,1401600,808,1401600,816,41,816,1555200,816,1555200,
905,214000,906,0,908,70,911,1401600,912,1401600,940,57,940,1555200,942,1555200,
1005,214000,1006,0,1008,89,1008,1401600,1009,1401600,1017,70,1017,1555200,1018,1555200,
1106,214000,1107,0,1108,28,1109,1401600,1109,1401600,1133,20,1133,1555200,1134,1555200,
1207,214000,1208,0,1209,95,1210,1401600,1210,1401600,1221,75,1222,1555200,1222,1555200,
1307,214000,1308,0,1309,69,1310,1401600,1310,1401600,1318,52,1318,1555200,1319,1555200,
1408,214000,1409,0,1410,91,1411,1401600,1412,1401600,1420,74,1421,1555200,1429,1555200,
1508,214000,1509,0,1511,94,1512,1401600,1513,1401600,1523,75,1523,1555200,1524,1555200,
1609,214000,1610,0,1612,85,1612,1401600,1613,1401600,1635,65,1636,1555200,1637,1555200,
1709,214000,1710,0,1712,89,1712,1401600,1713,1401600,1718,71,1718,1555200,1719,1555200,
1810,214000,1810,0,1812,35,1812,1401600,1813,1401600,1819,24,1820,1555200,1820,1555200,
1910,214000,1911,0,1912,69,1912,1401600,1912,1401600,1916,55,1917,1555200,1917,1555200,
2010,214000,2011,0,2012,32,2013,1401600,2013,1401600,2017,24,2017,1555200,2018,1555200,
2112,214000,2113,0,2115,67,2116,1401600,2116,1401600,2132,53,2132,1555200,2133,1555200,
2213,214000,2213,0,2215,51,2215,1401600,2215,1401600,2222,38,2222,1555200,2223,1555200,
2321,214000,2322,0,2324,78,2324,1401600,2325,1401600,2349,63,2352,1555200,2353,1555200,
2422,214000,2423,0,2425,83,2425,1401600,2426,1401600,2433,65,2433,1555200,2434,1555200,
2524,214000,2524,0,2525,76,2526,1401600,2526,1401600,2530,62,2530,1555200,2530,1555200,
2624,214000,2625,0,2626,42,2627,1401600,2627,1401600,2633,33,2634,1555200,2634,1555200,
2725,214000,2726,0,2727,63,2728,1401600,2728,1401600,2735,49,2736,1555200,2736,1555200,
2825,214000,2826,0,2827,36,2828,1401600,2828,1401600,2834,25,2835,1555200,2835,1555200,
2928,214000,2928,0,2930,53,2930,1401600,2931,1401600,2937,47,2937,1555200,2938,1555200,
3028,214000,3029,0,3030,38,3030,1401600,3031,1401600,3037,26,3037,1555200,3038,1555200,
3131,214000,3132,0,3135,65,3135,1401600,3135,1401600,3140,49,3141,1555200,3141,1555200,
3232,214000,3232,0,3233,34,3234,1401600,3234,1401600,3241,24,3241,1555200,3242,1555200,
3332,214000,3333,0,3334,47,3335,1401600,3335,1401600,3340,34,3341,1555200,3341,1555200,
3432,214000,3433,0,3435,33,3435,1401600,3436,1401600,3446,23,3446,1555200,3446,1555200,
3533,214000,3534,0,3535,50,3535,1401600,3536,1401600,3543,38,3544,1555200,3544,1555200,
3633,214000,3634,0,3635,60,3636,1401600,3636,1401600,3648,50,3648,1555200,3648,1555200,
3734,214000,3735,0,3736,48,3737,1401600,3737,1401600,3745,31,3745,1555200,3746,1555200,
3834,214000,3835,0,3836,47,3837,1401600,3837,1401600,3844,35,3845,1555200,3845,1555200,
3934,133000,3935,0,3940,66,3940,1401600,3940,1401600,3945,53,3945,1555200,3946,1555200,
4036,133000,4036,10,4037,54,4038,1401600,4038,1401600,4043,43,4044,1555200,4044,1555200,
4136,133000,4137,10,4138,62,4139,1401600,4139,1401600,4150,46,4150,1555200,4150,1555200,
4237,133000,4238,10,4239,52,4240,1401600,4240,1401600,4246,45,4247,1555200,4247,1555200,
4337,214000,4338,10,4339,48,4340,1401600,4340,1401600,4344,32,4345,1555200,4345,1555200,
4439,214000,4441,0,4442,63,4443,1401600,4444,1401600,4458,50,4459,1555200,4459,1555200,
4539,214000,4540,0,4542,62,4542,1401600,4542,1401600,4548,50,4550,1555200,4550,1555200,
4640,214000,4641,0,4642,71,4643,1401600,4643,1401600,4652,56,4652,1555200,4653,1555200,
4740,214000,4741,0,4742,69,4745,1401600,4746,1401600,4752,54,4753,1555200,4753,1555200,
4842,133000,4843,0,4844,72,4844,1401600,4844,1401600,4849,57,4849,1555200,4850,1555200,
4948,133000,4949,0,4950,67,4950,1401600,4951,1401600,4957,53,4958,1555200,4958,1555200,
5048,133000,5049,0,5050,48,5050,1401600,5051,1401600,5057,39,5057,1555200,5060,1555200,
5149,133000,5149,18,5151,57,5151,1401600,5152,1401600,5160,44,5160,1555200,5161,1555200,
5249,133000,5250,18,5252,61,5252,1401600,5252,1401600,5263,44,5264,1555200,5264,1555200,
5350,133000,5350,18,5351,63,5352,1401600,5352,1401600,5358,52,5359,1555200,5359,1555200,
5450,133000,5451,18,5452,53,5453,1401600,5453,1401600,5462,39,5463,1555200,5463,1555200,
5551,133000,5552,18,5553,62,5553,1401600,5553,1401600,5559,50,5559,1555200,5559,1555200,
5651,133000,5652,18,5654,50,5654,1401600,5655,1401600,5659,36,5660,1555200,5660,1555200,
5752,133000,5753,18,5754,59,5755,1401600,5755,1401600,5762,47,5762,1555200,5762,1555200,
5854,133000,5855,18,5856,57,5856,1401600,5857,1401600,5863,44,5864,1555200,5864,1555200,
5954,133000,5955,18,5957,70,5957,1401600,5958,1401600,5967,54,5967,1555200,5967,1555200,
6055,133000,6056,18,6057,60,6057,1401600,6057,1401600,6066,47,6067,1555200,6067,1555200,
6156,133000,6156,22,6157,58,6158,1401600,6158,1401600,6165,46,6166,1555200,6166,1555200,
6256,133000,6257,22,6258,61,6258,1401600,6258,1401600,6271,48,6271,1555200,6272,1555200,
6357,133000,6364,22,6366,95,6366,1401600,6367,1401600,6375,76,6375,1555200,6375,1555200,
6457,133000,6458,22,6460,72,6460,1401600,6461,1401600,6468,58,6468,1555200,6469,1555200,
6558,133000,6559,22,6560,75,6561,1401600,6561,1401600,6567,60,6567,1555200,6568,1555200,
6659,133000,6660,22,6663,52,6664,1401600,6664,1401600,6672,40,6672,1555200,6673,1555200,
6760,133000,6760,22,6762,64,6762,1401600,6763,1401600,6769,46,6769,1555200,6770,1555200,
6860,133000,6861,22,6862,41,6862,1401600,6862,1401600,6867,29,6867,1555200,6868,1555200,
6960,133000,6961,22,6963,74,6964,1401600,6964,1401600,6974,57,6975,1555200,6976,1555200,
7061,133000,7062,22,7063,84,7064,1401600,7064,1401600,7069,64,7073,1555200,7073,1555200,
7162,133000,7163,22,7165,58,7166,1401600,7166,1401600,7180,46,7180,1555200,7180,1555200,
7262,133000,7263,22,7264,50,7264,1401600,7265,1401600,7270,37,7270,1555200,7270,1555200,
7363,133000,7363,22,7365,45,7365,1401600,7366,1401600,7372,34,7372,1555200,7373,1555200,
7463,214000,7464,22,7465,51,7465,1401600,7466,1401600,7471,39,7472,1555200,7472,1555200,
7564,214000,7565,22,7566,59,7567,1401600,7567,1401600,7577,46,7577,1555200,7578,1555200,
7664,214000,7665,22,7667,46,7671,1401600,7672,1401600,7680,40,7685,1555200,7686,1555200,
7765,214000,7766,22,7767,65,7768,1401600,7769,1401600,7778,49,7778,1555200,7779,1555200,
7865,133000,7866,22,7867,57,7868,1401600,7868,1401600,7874,45,7874,1555200,7875,1555200,
7966,133000,7967,22,7968,61,7968,1401600,7969,1401600,7975,48,7976,1555200,7976,1555200,
8066,133000,8067,22,8068,51,8069,1401600,8069,1401600,8075,39,8076,1555200,8076,1555200,
8167,133000,8168,22,8169,48,8169,1401600,8170,1401600,8176,37,8176,1555200,8177,1555200,
8267,214000,8268,22,8269,35,8270,1401600,8270,1401600,8276,24,8277,1555200,8277,1555200,
8368,214000,8368,0,8370,55,8370,1401600,8370,1401600,8380,45,8381,1555200,8381,1555200,
8468,214000,8469,15,8470,53,8471,1401600,8471,1401600,8478,42,8479,1555200,8479,1555200,
8569,214000,8570,15,8571,58,8572,1401600,8574,1401600,8583,46,8583,1555200,8584,1555200,
8669,214000,8670,15,8672,65,8674,1401600,8674,1401600,8687,49,8688,1555200,8688,1555200,
8770,133000,8771,15,8773,65,8773,1401600,8774,1401600,8781,51,8781,1555200,8782,1555200,
8870,133000,8871,15,8872,47,8872,1401600,8873,1401600,8877,35,8877,1555200,8877,1555200,
8971,133000,8972,15,8973,52,8973,1401600,8974,1401600,8980,38,8981,1555200,8981,1555200,
9072,214000,9073,15,9074,56,9075,1401600,9075,1401600,9083,43,9083,1555200,9084,1555200,
9172,214000,9173,15,9175,57,9175,1401600,9176,1401600,9188,43,9188,1555200,9189,1555200,
9273,214000,9273,15,9274,56,9275,1401600,9275,1401600,9282,45,9283,1555200,9283,1555200,
9373,214000,9374,15,9375,61,9376,1401600,9377,1401600,9384,45,9386,1555200,9386,1555200,
9474,133000,9475,16,9476,62,9476,1401600,9477,1401600,9484,47,9484,1555200,9485,1555200,
9574,133000,9575,16,9576,75,9577,1401600,9577,1401600,9581,59,9582,1555200,9582,1555200,
9675,133000,9676,16,9677,53,9678,1401600,9678,1401600,9684,41,9685,1555200,9685,1555200,
9775,133000,9776,16,9777,64,9778,1401600,9778,1401600,9787,51,9787,1555200,9787,1555200,
9876,133000,9876,16,9877,58,9878,1401600,9878,1401600,9884,45,9884,1555200,9884,1555200,
9976,133000,9977,16,9979,52,9979,1401600,9979,1401600,9988,40,9988,1555200,9988,1555200,
10077,133000,10077,16,10078,54,10079,1401600,10079,1401600,10085,42,10085,1555200,10085,1555200,
10177,133000,10178,16,10179,62,10180,1401600,10180,1401600,10184,47,10184,1555200,10185,1555200,
10278,133000,10279,16,10281,51,10281,1401600,10281,1401600,10287,42,10288,1555200,10288,1555200,
10378,133000,10379,16,10381,50,10381,1401600,10382,1401600,10388,36,10388,1555200,10389,1555200,
10429,133000,10430,16,10431,41,10432,1401600,10432,1401600,10439,28,10440,1555200,10440,1555200,
10529,133000,10530,19,10531,60,10532,1401600,10532,1401600,10539,45,10539,1555200,10540,1555200,
10629,133000,10630,19,10631,51,10632,1401600,10632,1401600,10639,40,10640,1555200,10640,1555200,
10730,133000,10730,19,10732,62,10732,1401600,10732,1401600,10740,49,10741,1555200,10742,1555200,
10830,133000,10831,19,10832,52,10832,1401600,10833,1401600,10840,41,10841,1555200,10841,1555200,
10930,133000,10931,19,10932,63,10933,1401600,10933,1401600,10941,49,10941,1555200,10942,1555200,
11031,133000,11031,19,11033,38,11033,1401600,11033,1401600,11039,28,11040,1555200,11040,1555200,
11136,133000,11136,19,11138,70,11139,1401600,11139,1401600,11147,54,11148,1555200,11148,1555200,
11241,133000,11241,19,11243,63,11243,1401600,11243,1401600,11249,48,11250,1555200,11250,1555200,
11341,133000,11341,19,11343,67,11343,1401600,11344,1401600,11350,53,11351,1555200,11352,1555200,
11441,133000,11442,19,11443,52,11444,1401600,11444,1401600,11451,42,11452,1555200,11452,1555200,
11541,133000,11542,22,11544,58,11544,1401600,11545,1401600,11553,42,11554,1555200,11554,1555200,
11642,133000,11643,22,11644,62,11644,1401600,11645,1401600,11652,49,11653,1555200,11653,1555200,
11742,133000,11743,22,11744,50,11745,1401600,11745,1401600,11753,38,11753,1555200,11753,1555200,
11843,133000,11844,22,11845,51,11850,1401600,11851,1401600,11857,42,11857,1555200,11858,1555200,
11943,133000,11944,22,11946,47,11946,1401600,11947,1401600,11956,33,11956,1555200,11957,1555200,
12044,133000,12045,22,12047,60,12049,1401600,12049,1401600,12056,47,12056,1555200,12057,1555200,
12146,133000,12146,22,12148,64,12149,1401600,12149,1401600,12174,53,12174,1555200,12174,1555200,
12246,133000,12247,22,12248,66,12249,1401600,12249,1401600,12256,49,12256,1555200,12257,1555200,
12347,133000,12347,22,12348,48,12349,1401600,12349,1401600,12354,36,12355,1555200,12355,1555200,
12447,133000,12448,22,12450,48,12450,1401600,12450,1401600,12458,38,12458,1555200,12459,1555200,
12547,133000,12548,20,12549,54,12550,1401600,12550,1401600,12556,36,12557,1555200,12557,1555200,
12648,133000,12649,20,12650,58,12651,1401600,12652,1401600,12661,47,12662,1555200,12663,1555200,
12748,133000,12749,20,12750,50,12751,1401600,12751,1401600,12756,38,12756,1555200,12757,1555200,
12848,133000,12849,20,12850,28,12850,1401600,12850,1401600,12855,21,12855,1555200,12856,1555200,
12949,133000,12950,20,12951,31,12951,1401600,12951,1401600,12959,23,12959,1555200,12960,1555200,
13050,133000,13051,20,13053,23,13053,1401600,13054,1401600,13059,17,13059,1555200,13060,1555200,
13150,133000,13151,20,13152,21,13152,1401600,13153,1401600,13157,17,13158,1555200,13158,1555200,
13250,133000,13252,20,13254,47,13255,1401600,13255,1401600,13262,38,13262,1555200,13263,1555200,
13351,133000,13352,20,13354,28,13355,1401600,13355,1401600,13362,22,13363,1555200,13363,1555200,
13451,133000,13452,20,13454,29,13454,1401600,13454,1401600,13460,21,13461,1555200,13461,1555200,
13551,133000,13552,22,13553,32,13553,1401600,13554,1401600,13559,24,13559,1555200,13559,1555200,
13652,133000,13652,22,13653,27,13654,1401600,13654,1401600,13658,22,13659,1555200,13659,1555200,
13752,133000,13753,22,13754,29,13754,1401600,13754,1401600,13759,22,13759,1555200,13759,1555200,
13863,133000,13864,22,13865,43,13865,1401600,13866,1401600,13883,35,13887,1555200,13895,1555200,
13954,133000,13955,22,13956,91,13957,1401600,13957,1401600,13987,72,13988,1555200,13988,1555200,
14055,133000,14056,22,14057,92,14058,1401600,14058,1401600,14069,73,14070,1555200,14070,1555200,
14155,133000,14156,22,14157,85,14158,1401600,14159,1401600,14171,68,14172,1555200,14172,1555200,
14256,133000,14256,22,14257,48,14258,1401600,14258,1401600,14263,32,14264,1555200,14264,1555200,
14356,133000,14357,22,14358,43,14359,1401600,14359,1401600,14367,35,14368,1555200,14368,1555200,
14457,133000,14457,22,14458,41,14459,1401600,14459,1401600,14463,32,14463,1555200,14464,1555200,
14557,133000,14558,22,14559,37,14560,1401600,14560,1401600,14567,31,14568,1555200,14568,1555200,
14658,133000,14658,22,14660,44,14660,1401600,14661,1401600,14668,33,14668,1555200,14669,1555200,
14758,133000,14759,22,14760,39,14760,1401600,14761,1401600,14765,31,14765,1555200,14765,1555200,
14858,133000,14859,22,14860,37,14861,1401600,14861,1401600,14866,29,14866,1555200,14867,1555200,
14959,133000,14959,22,14960,37,14961,1401600,14961,1401600,14966,26,14966,1555200,14967,1555200,
15059,133000,15060,22,15061,69,15061,1401600,15062,1401600,15066,56,15066,1555200,15067,1555200,
15160,133000,15160,22,15162,60,15162,1401600,15162,1401600,15167,46,15167,1555200,15167,1555200,
15260,133000,15261,22,15262,17,15262,1401600,15263,1401600,15267,12,15267,1555200,15268,1555200,
15361,133000,15361,22,15362,29,15363,1401600,15363,1401600,15368,22,15368,1555200,15368,1555200,
15461,133000,15462,22,15463,27,15463,1401600,15464,1401600,15467,20,15468,1555200,15468,1555200,
15562,133000,15562,19,15563,15,15564,1401600,15564,1401600,15568,12,15568,1555200,15569,1555200,
15662,133000,15663,19,15664,16,15664,1401600,15664,1401600,15668,11,15668,1555200,15669,1555200,
15763,133000,15764,19,15765,23,15765,1401600,15766,1401600,15770,18,15770,1555200,15770,1555200,
15864,133000,15864,19,15866,17,15866,1401600,15867,1401600,15872,13,15872,1555200,15872,1555200,
15964,214000,15965,19,15966,20,15966,1401600,15966,1401600,15970,15,15971,1555200,15971,1555200,
16065,214000,16066,19,16067,20,16067,1401600,16067,1401600,16072,13,16072,1555200,16073,1555200,
16166,214000,16167,19,16169,62,16169,1401600,16170,1401600,16179,49,16180,1555200,16180,1555200,
16266,214000,16267,19,16268,71,16268,1401600,16269,1401600,16273,56,16274,1555200,16274,1555200,
16367,214000,16368,19,16370,69,16370,1401600,16371,1401600,16378,57,16378,1555200,16379,1555200,
16468,214000,16469,19,16472,75,16472,1401600,16473,1401600,16484,59,16484,1555200,16489,1555200,
16573,214000,16574,19,16578,82,16579,1401600,16579,1401600,16596,64,16597,1555200,16598,1555200,
16672,133000,16672,19,16674,92,16674,1401600,16675,1401600,16688,74,16689,1555200,16690,1555200,
16772,133000,16773,11,16787,93,16788,1401600,16789,1401600,16797,74,16798,1555200,16798,1555200,
16873,133000,16874,11,16875,72,16876,1401600,16876,1401600,16885,56,16885,1555200,16886,1555200,
16973,133000,16973,11,16975,57,16975,1401600,16976,1401600,16983,47,16983,1555200,16984,1555200,
17073,133000,17074,11,17075,74,17075,1401600,17076,1401600,17082,59,17082,1555200,17083,1555200,
17174,133000,17175,11,17176,64,17177,1401600,17177,1401600,17185,50,17186,1555200,17186,1555200,
17275,133000,17275,11,17277,59,17278,1401600,17278,1401600,17288,46,17288,1555200,17288,1555200,
17375,133000,17376,11,17377,65,17378,1401600,17378,1401600,17386,51,17387,1555200,17387,1555200,
17476,133000,17477,11,17478,58,17479,1401600,17479,1401600,17486,45,17487,1555200,17487,1555200,
17577,133000,17577,11,17578,56,17579,1401600,17579,1401600,17586,43,17586,1555200,17587,1555200,
17677,133000,17678,11,17679,56,17679,1401600,17680,1401600,17686,43,17686,1555200,17686,1555200,
17778,133000,17779,20,17781,62,17782,1401600,17782,1401600,17795,51,17796,1555200,17796,1555200,
17878,133000,17879,20,17880,64,17880,1401600,17880,1401600,17886,47,17886,1555200,17887,1555200,
17978,133000,17979,20,17980,47,17981,1401600,17981,1401600,17989,35,17990,1555200,17990,1555200,
18079,133000,18080,20,18081,60,18081,1401600,18082,1401600,18089,47,18090,1555200,18090,1555200,
18179,133000,18180,20,18181,69,18182,1401600,18182,1401600,18188,56,18189,1555200,18189,1555200,
18280,133000,18280,20,18282,43,18283,1401600,18283,1401600,18292,29,18292,1555200,18293,1555200,
18380,133000,18382,20,18383,17,18384,1401600,18384,1401600,18389,14,18390,1555200,18390,1555200,
18481,133000,18482,20,18483,43,18484,1401600,18484,1401600,18490,34,18490,1555200,18490,1555200,
18582,133000,18583,20,18584,30,18584,1401600,18585,1401600,18592,21,18593,1555200,18593,1555200,
18682,133000,18683,20,18684,27,18685,1401600,18686,1401600,18693,21,18693,1555200,18693,1555200,
18783,133000,18784,21,18785,35,18785,1401600,18786,1401600,18796,28,18797,1555200,18797,1555200,
18883,133000,18884,21,18885,47,18885,1401600,18886,1401600,18890,38,18890,1555200,18890,1555200,
18983,133000,18984,21,18985,30,18985,1401600,18986,1401600,18990,22,18991,1555200,18991,1555200,
19084,133000,19085,21,19086,30,19087,1401600,19087,1401600,19093,22,19093,1555200,19094,1555200,
19184,133000,19185,21,19186,43,19186,1401600,19187,1401600,19193,35,19193,1555200,19194,1555200,
19285,133000,19285,21,19287,32,19287,1401600,19288,1401600,19296,25,19297,1555200,19298,1555200,
19385,133000,19386,21,19387,39,19388,1401600,19388,1401600,19402,30,19403,1555200,19403,1555200,
19486,133000,19487,21,19488,50,19488,1401600,19489,1401600,19499,40,19500,1555200,19500,1555200,
19586,133000,19587,21,19588,25,19588,1401600,19589,1401600,19594,20,19595,1555200,19595,1555200,
19686,133000,19687,21,19689,33,19689,1401600,19689,1401600,19696,26,19696,1555200,19697,1555200,
19787,133000,19788,21,19790,46,19791,1401600,19792,1401600,19803,39,19804,1555200,19805,1555200,
19888,133000,19888,21,19889,31,19890,1401600,19890,1401600,19897,19,19897,1555200,19897,1555200,
19988,133000,19988,21,19990,24,19990,1401600,19990,1401600,19996,23,19996,1555200,19996,1555200,
20088,133000,20089,21,20090,32,20090,1401600,20091,1401600,20096,22,20097,1555200,20097,1555200,
20191,133000,20192,21,20193,42,20193,1401600,20193,1401600,20199,30,20200,1555200,20200,1555200,
20292,133000,20293,21,20294,18,20294,1401600,20295,1401600,20300,14,20301,1555200,20301,1555200,
20392,133000,20393,21,20394,29,20394,1401600,20395,1401600,20403,23,20404,1555200,20405,1555200,
20493,133000,20493,21,20495,25,20501,1401600,20501,1401600,20506,23,20506,1555200,20506,1555200,
20593,133000,20594,21,20596,24,20596,1401600,20597,1401600,20604,16,20605,1555200,20605,1555200,
20694,133000,20695,21,20696,28,20696,1401600,20697,1401600,20704,21,20705,1555200,20705,1555200,
20795,133000,20796,20,20798,18,20799,1401600,20799,1401600,20808,15,20809,1555200,20809,1555200,
20895,133000,20896,20,20897,20,20897,1401600,20897,1401600,20904,14,20904,1555200,20905,1555200,
20995,133000,20996,20,20998,29,20998,1401600,20999,1401600,21006,22,21007,1555200,21007,1555200,
21096,133000,21097,20,21099,27,21099,1401600,21099,1401600,21105,22,21106,1555200,21106,1555200,
21197,133000,21197,20,21198,27,21199,1401600,21199,1401600,21210,21,21211,1555200,21212,1555200,
21297,133000,21298,20,21299,52,21300,1401600,21300,1401600,21307,42,21308,1555200,21309,1555200,
21398,133000,21398,20,21400,13,21400,1401600,21401,1401600,21409,12,21409,1555200,21410,1555200,
21498,133000,21499,20,21500,28,21501,1401600,21501,1401600,21509,22,21509,1555200,21510,1555200,
21599,133000,21599,20,21600,38,21601,1401600,21601,1401600,21607,30,21607,1555200,21607,1555200,
21701,133000,21702,20,21703,62,21703,1401600,21703,1401600,21718,48,21719,1555200,21720,1555200,
21800,133000,21801,17,21802,94,21803,1401600,21803,1401600,21825,75,21826,1555200,21826,1555200,
21902,133000,21902,17,21904,87,21904,1401600,21904,1401600,21910,70,21910,1555200,21910,1555200,
22003,133000,22004,17,22006,35,22006,1401600,22007,1401600,22014,27,22014,1555200,22014,1555200,
22103,133000,22104,17,22106,18,22106,1401600,22106,1401600,22113,14,22113,1555200,22114,1555200,
22204,133000,22204,17,22206,17,22206,1401600,22206,1401600,22228,13,22228,1555200,22229,1555200,
22304,133000,22305,17,22306,48,22306,1401600,22306,1401600,22319,38,22319,1555200,22320,1555200,
22405,133000,22405,17,22406,34,22407,1401600,22407,1401600,22413,26,22413,1555200,22413,1555200,
22505,133000,22506,17,22507,17,22508,1401600,22508,1401600,22515,14,22515,1555200,22515,1555200,
22606,133000,22606,17,22607,17,22608,1401600,22608,1401600,22614,14,22614,1555200,22614,1555200,
22706,133000,22707,17,22708,33,22708,1401600,22709,1401600,22715,26,22715,1555200,22716,1555200,
22807,133000,22807,16,22808,35,22808,1401600,22809,1401600,22818,26,22818,1555200,22818,1555200,
22907,133000,22908,16,22910,43,22910,1401600,22910,1401600,22919,38,22919,1555200,22920,1555200,
23008,133000,23009,16,23010,41,23010,1401600,23011,1401600,23017,33,23017,1555200,23018,1555200,
23108,133000,23109,16,23110,32,23110,1401600,23111,1401600,23118,24,23118,1555200,23119,1555200,
23209,133000,23210,16,23211,36,23212,1401600,23212,1401600,23219,27,23219,1555200,23219,1555200,
23309,133000,23310,16,23311,17,23312,1401600,23312,1401600,23320,15,23321,1555200,23321,1555200,
23410,133000,23411,16,23412,30,23413,1401600,23413,1401600,23421,18,23422,1555200,23422,1555200,
23510,133000,23511,16,23512,21,23512,1401600,23513,1401600,23517,15,23518,1555200,23518,1555200,
23611,133000,23611,16,23612,28,23613,1401600,23613,1401600,23617,21,23617,1555200,23617,1555200,
23711,133000,23712,16,23713,21,23713,1401600,23713,1401600,23717,18,23718,1555200,23720,1555200,
23811,133000,23812,21,23813,32,23813,1401600,23813,1401600,23818,24,23819,1555200,23819,1555200,
23912,133000,23912,21,23913,35,23914,1401600,23914,1401600,23920,29,23921,1555200,23921,1555200,
24012,133000,24013,21,24014,26,24014,1401600,24014,1401600,24019,20,24020,1555200,24020,1555200,
24113,133000,24113,21,24114,22,24114,1401600,24115,1401600,24123,18,24123,1555200,24124,1555200,
24217,133000,24217,21,24219,41,24219,1401600,24219,1401600,24225,32,24226,1555200,24226,1555200,
24318,133000,24318,21,24320,34,24320,1401600,24321,1401600,24327,29,24327,1555200,24328,1555200,
24418,133000,24419,21,24420,28,24420,1401600,24421,1401600,24426,23,24427,1555200,24427,1555200,
24519,133000,24519,21,24520,45,24521,1401600,24522,1401600,24531,35,24531,1555200,24532,1555200,
24619,133000,24620,21,24621,54,24621,1401600,24622,1401600,24628,45,24628,1555200,24629,1555200,
24720,133000,24720,21,24721,38,24722,1401600,24722,1401600,24726,24,24727,1555200,24727,1555200,
24820,133000,24820,21,24822,64,24822,1401600,24822,1401600,24836,51,24836,1555200,24837,1555200,
24920,133000,24922,21,24928,77,24928,1228800,24929,1228800,24937,60,24938,1401600,24938,1401600,
25021,133000,25022,21,25023,35,25023,1228800,25023,1228800,25032,24,25033,1401600,25033,1401600,
25121,133000,25122,21,25123,24,25123,1228800,25124,1228800,25129,17,25129,1401600,25130,1401600,
25222,133000,25223,21,25224,14,25224,1228800,25225,1228800,25237,10,25239,1401600,25239,1401600,
25323,133000,25323,21,25324,42,25325,1228800,25325,1228800,25330,30,25330,1401600,25330,1401600,
25423,133000,25424,21,25425,34,25425,1228800,25425,1228800,25430,23,25430,1401600,25430,1401600,
25524,133000,25524,21,25525,27,25526,1228800,25526,1228800,25530,17,25531,1401600,25531,1401600,
25624,133000,25625,21,25627,26,25627,1228800,25628,1228800,25633,18,25633,1401600,25634,1401600,
25725,133000,25726,21,25727,35,25728,1228800,25728,1228800,25735,25,25735,1401600,25736,1401600,
25825,133000,25826,20,25827,28,25828,1228800,25828,1228800,25833,18,25833,1401600,25834,1401600,
25926,133000,25926,20,25927,25,25928,1228800,25928,1228800,25932,18,25933,1401600,25933,1401600,
26026,133000,26027,20,26028,18,26028,1228800,26029,1228800,26034,13,26035,1401600,26035,1401600,
26127,133000,26128,20,26129,40,26129,1228800,26130,1228800,26139,28,26139,1401600,26140,1401600,
26230,133000,26231,20,26232,39,26232,1228800,26233,1228800,26237,26,26237,1401600,26237,1401600,
26331,133000,26331,20,26332,24,26333,1228800,26333,1228800,26337,16,26338,1401600,26338,1401600,
26431,133000,26433,20,26434,35,26435,1228800,26435,1228800,26442,24,26443,1401600,26443,1401600,
26532,133000,26533,20,26534,43,26534,1228800,26534,1228800,26539,30,26539,1401600,26540,1401600,
26632,133000,26633,20,26634,20,26634,1228800,26634,1228800,26639,13,26639,1401600,26639,1401600,
26733,133000,26734,20,26736,34,26737,1228800,26737,1228800,26743,23,26743,1401600,26743,1401600,
26833,133000,26834,16,26835,57,26836,1228800,26836,1228800,26847,39,26847,1401600,26848,1401600,
26934,133000,26935,16,26936,73,26936,1228800,26937,1228800,26943,50,26943,1401600,26943,1401600,
27034,133000,27035,16,27036,21,27036,1228800,27036,1228800,27041,14,27042,1401600,27042,1401600,
27134,133000,27135,16,27136,23,27137,1228800,27137,1228800,27142,15,27142,1401600,27142,1401600,
27235,133000,27236,16,27237,19,27237,1228800,27238,1228800,27243,12,27243,1401600,27243,1401600,
27285,133000,27286,16,27287,30,27287,1228800,27287,1228800,27292,21,27293,1401600,27293,1401600,
27386,133000,27386,16,27387,19,27388,1228800,27388,1228800,27393,12,27393,1401600,27394,1401600,
27486,133000,27487,16,27488,15,27488,1228800,27488,1228800,27493,10,27493,1401600,27494,1401600,
27587,133000,27588,16,27590,17,27590,1228800,27591,1228800,27597,12,27598,1401600,27599,1401600,
27688,133000,27688,16,27690,15,27690,1228800,27690,1228800,27695,10,27696,1401600,27696,1401600,
27788,214000,27789,16,27791,10,27791,1228800,27792,1228800,27798,9,27798,1401600,27798,1401600,
27889,214000,27890,10,27892,31,27893,1228800,27893,1228800,27904,19,27904,1401600,27905,1401600,
27990,214000,27991,10,27992,22,27992,1228800,27993,1228800,27998,15,27998,1401600,27999,1401600,
28090,214000,28091,10,28092,19,28093,1228800,28093,1228800,28102,13,28102,1401600,28103,1401600,
28190,214000,28192,10,28194,27,28195,1228800,28196,1228800,28204,19,28204,1401600,28205,1401600,
28291,214000,28292,10,28293,33,28293,1228800,28293,1228800,28298,22,28299,1401600,28299,1401600,
28391,214000,28392,10,28393,21,28393,1228800,28394,1228800,28398,14,28399,1401600,28399,1401600,
28491,214000,28492,10,28493,17,28494,1228800,28494,1228800,28498,12,28499,1401600,28499,1401600,
28592,214000,28593,10,28595,16,28595,1228800,28596,1228800,28604,9,28604,1401600,28605,1401600,
28692,214000,28693,10,28695,14,28695,1228800,28696,1228800,28704,10,28704,1401600,28705,1401600,
28793,214000,28794,10,28796,16,28797,1228800,28797,1228800,28803,11,28804,1401600,28804,1401600,
28893,214000,28894,10,28895,13,28896,1228800,28896,1228800,28904,9,28905,1401600,28905,1401600,
28994,214000,28995,10,28996,28,28997,1228800,28997,1228800,29003,19,29004,1401600,29004,1401600,
29094,214000,29095,10,29096,40,29096,1228800,29097,1228800,29103,27,29104,1401600,29104,1401600,
29194,214000,29195,4,29196,82,29197,1228800,29197,1228800,29239,58,29240,1401600,29240,1401600,
29296,214000,29297,4,29305,100,29305,1228800,29311,1228800,29318,71,29319,1401600,29319,1401600,
29397,214000,29398,4,29400,95,29406,1228800,29406,1228800,29422,67,29423,1401600,29423,1401600,
29497,214000,29498,4,29501,100,29511,1228800,29511,1228800,29517,69,29518,1401600,29519,1401600,
29598,214000,29605,4,29607,89,29607,1228800,29608,1228800,29625,63,29626,1401600,29627,1401600,
29698,133000,29699,4,29700,100,29701,1228800,29701,1228800,29708,71,29709,1401600,29709,1401600,
29799,133000,29800,4,29801,74,29802,1228800,29802,1228800,29807,52,29807,1401600,29807,1401600,
29899,133000,29900,4,29901,39,29902,1228800,29902,1228800,29906,24,29907,1401600,29907,1401600,
29999,133000,30000,4,30001,35,30002,1228800,30003,1228800,30014,26,30015,1401600,30016,1401600,
30100,133000,30101,4,30102,34,30103,1228800,30103,1228800,30108,20,30108,1401600,30108,1401600,
30201,214000,30201,4,30202,17,30203,1228800,30203,1228800,30208,11,30208,1401600,30208,1401600,
30301,214000,30302,24,30303,16,30303,1228800,30304,1228800,30308,10,30308,1401600,30309,1401600,
30402,214000,30403,24,30404,18,30404,1228800,30404,1228800,30409,13,30410,1401600,30410,1401600,
30503,214000,30504,24,30510,54,30510,1228800,30511,1228800,30519,39,30519,1401600,30520,1401600,
30603,214000,30606,24,30608,75,30608,1190400,30609,1190400,30615,50,30616,1324800,30616,1324800,
30703,214000,30720,24,30722,74,30722,1190400,30722,1190400,30728,50,30729,1324800,30729,1324800,
30806,214000,30807,24,30808,59,30809,1190400,30809,1190400,30817,39,30817,1324800,30817,1324800,
30906,214000,30907,24,30909,75,30909,1190400,30910,1190400,30919,49,30920,1324800,30920,1324800,
31006,214000,31007,24,31008,29,31008,1190400,31009,1190400,31014,19,31014,1324800,31014,1324800,
31106,214000,31107,24,31108,12,31109,1190400,31109,1190400,31115,7,31115,1324800,31115,1324800,
31207,214000,31208,24,31210,13,31210,1190400,31211,1190400,31217,9,31218,1324800,31218,1324800,
31308,214000,31309,24,31310,21,31311,1190400,31311,1190400,31317,12,31318,1324800,31318,1324800,
31408,214000,31409,24,31410,17,31411,1190400,31411,1190400,31417,12,31417,1324800,31418,1324800,
31509,214000,31510,24,31512,15,31512,1190400,31513,1190400,31519,10,31519,1324800,31519,1324800,
31609,214000,31610,24,31613,19,31614,1190400,31614,1190400,31623,7,31624,1324800,31624,1324800,
31710,214000,31711,24,31713,17,31714,1190400,31715,1190400,31722,10,31723,1324800,31723,1324800,
31810,214000,31812,24,31814,17,31814,1190400,31815,1190400,31822,10,31822,1324800,31823,1324800,
31911,214000,31912,24,31913,19,31914,1190400,31915,1190400,31921,13,31922,1324800,31922,1324800,
32011,214000,32012,24,32014,17,32015,1190400,32015,1190400,32021,9,32022,1324800,32022,1324800,
32112,214000,32113,24,32114,17,32115,1190400,32115,1190400,32129,10,32130,1324800,32131,1324800,
32212,214000,32214,24,32216,56,32217,1190400,32217,1190400,32224,34,32225,1324800,32225,1324800,
32313,214000,32314,24,32316,21,32316,1190400,32317,1190400,32324,14,32325,1324800,32325,1324800,
32413,214000,32414,24,32415,28,32416,1190400,32416,1190400,32422,18,32423,1324800,32423,1324800,
32514,214000,32514,24,32516,23,32516,1190400,32517,1190400,32523,15,32524,1324800,32524,1324800,
32614,214000,32615,24,32616,32,32617,1190400,32617,1190400,32623,19,32623,1324800,32623,1324800,
32715,214000,32717,24,32719,12,32719,1190400,32720,1190400,32726,8,32727,1324800,32727,1324800,
32816,214000,32817,24,32819,18,32819,1190400,32820,1190400,32826,10,32826,1324800,32826,1324800,
32916,214000,32917,24,32919,11,32920,1190400,32920,1190400,32927,8,32928,1324800,32928,1324800,
33017,214000,33017,24,33019,10,33019,1190400,33020,1190400,33025,5,33026,1324800,33026,1324800,
33117,214000,33118,24,33120,10,33120,1190400,33120,1190400,33126,8,33127,1324800,33127,1324800,
33218,214000,33219,24,33221,21,33222,1190400,33223,1190400,33228,12,33229,1324800,33229,1324800,
33318,214000,33319,24,33321,17,33321,1190400,33322,1190400,33327,11,33328,1324800,33328,1324800,
33419,214000,33420,24,33422,15,33423,1190400,33423,1190400,33429,7,33429,1324800,33429,1324800,
33520,214000,33521,24,33522,7,33522,1190400,33523,1190400,33528,4,33529,1324800,33529,1324800,
33620,214000,33621,24,33622,10,33623,1190400,33623,1190400,33628,6,33629,1324800,33629,1324800,
33720,214000,33721,24,33723,10,33724,1190400,33724,1190400,33729,7,33730,1324800,33730,1324800,
33822,214000,33823,24,33825,12,33826,1190400,33826,1190400,33832,7,33833,1324800,33833,1324800,
33922,214000,33923,24,33925,12,33926,1190400,33926,1190400,33933,7,33934,1324800,33934,1324800,
34023,214000,34024,24,34026,12,34026,1190400,34027,1190400,34034,7,34034,1324800,34035,1324800,
34123,214000,34125,24,34127,15,34127,1190400,34128,1190400,34135,8,34135,1324800,34136,1324800,
34224,214000,34225,24,34227,23,34227,1190400,34227,1190400,34233,14,34234,1324800,34234,1324800,
34325,214000,34326,24,34327,28,34328,1190400,34328,1190400,34336,18,34337,1324800,34337,1324800,
34425,214000,34427,24,34428,21,34429,1190400,34429,1190400,34435,14,34436,1324800,34436,1324800,
34527,214000,34528,14,34530,24,34531,1190400,34531,1190400,34537,16,34538,1324800,34538,1324800,
34627,214000,34629,14,34631,25,34632,1190400,34632,1190400,34639,18,34640,1324800,34640,1324800,
34728,214000,34729,14,34731,22,34732,1190400,34732,1190400,34738,12,34739,1324800,34739,1324800,
34828,214000,34829,14,34831,20,34832,1190400,34832,1190400,34839,13,34839,1324800,34840,1324800,
34928,214000,34929,14,34931,8,34931,1190400,34932,1190400,34937,5,34938,1324800,34938,1324800,
35029,214000,35031,14,35033,17,35033,1190400,35034,1190400,35040,10,35040,1324800,35040,1324800,
35130,214000,35131,14,35133,10,35133,1190400,35134,1190400,35140,6,35140,1324800,35141,1324800,
35230,214000,35232,14,35233,21,35234,1190400,35234,1190400,35241,12,35242,1324800,35242,1324800,
35331,214000,35332,14,35333,17,35334,1190400,35334,1190400,35339,11,35340,1324800,35340,1324800,
35431,214000,35432,14,35434,10,35434,1190400,35435,1190400,35440,6,35441,1324800,35441,1324800,
35533,214000,35534,14,35536,22,35536,1190400,35537,1190400,35543,14,35544,1324800,35544,1324800,
35634,214000,35635,14,35636,15,35637,1190400,35637,1190400,35643,8,35644,1324800,35644,1324800,
35734,214000,35735,14,35737,12,35737,1190400,35738,1190400,35743,8,35744,1324800,35744,1324800,
35835,214000,35837,14,35840,10,35841,1190400,35842,1190400,35848,7,35849,1324800,35849,1324800,
35936,214000,35937,14,35938,5,35939,1190400,35939,1190400,35946,1,35946,1324800,35947,1324800,
36037,214000,36038,14,36039,8,36040,1190400,36040,1190400,36046,5,36047,1324800,36047,1324800,
36137,214000,36139,14,36141,15,36142,1190400,36143,1190400,36151,13,36152,1324800,36152,1324800,
36238,214000,36238,14,36239,75,36240,1190400,36240,1190400,36247,52,36247,1324800,36248,1324800,
36339,214000,36340,14,36341,88,36342,1190400,36342,1190400,36348,59,36348,1324800,36349,1324800,
36440,214000,36440,14,36442,28,36442,1190400,36443,1190400,36449,11,36449,1324800,36450,1324800,
36540,214000,36541,14,36542,15,36543,1190400,36543,1190400,36549,10,36550,1324800,36550,1324800,
36641,214000,36642,14,36643,20,36644,1190400,36644,1190400,36650,13,36650,1324800,36650,1324800,
36741,214000,36742,14,36744,13,36744,1190400,36745,1190400,36751,7,36751,1324800,36752,1324800,
36843,214000,36844,14,36847,12,36848,1190400,36848,1190400,36859,8,36860,1324800,36861,1324800,
36943,214000,36944,14,36946,27,36947,1190400,36947,1190400,36957,16,36958,1324800,36959,1324800,
37043,214000,37045,14,37047,37,37048,1190400,37048,1190400,37059,22,37060,1324800,37061,1324800,
37144,214000,37146,14,37147,29,37148,1190400,37148,1190400,37157,17,37157,1324800,37158,1324800,
37246,214000,37246,14,37247,59,37248,1190400,37248,1190400,37253,37,37254,1324800,37254,1324800,
37346,214000,37347,14,37348,23,37349,1190400,37349,1190400,37355,15,37355,1324800,37356,1324800,
37447,214000,37448,14,37450,8,37450,1190400,37450,1190400,37457,8,37457,1324800,37458,1324800,
37547,214000,37548,14,37550,19,37550,1190400,37551,1190400,37561,12,37562,1324800,37562,1324800,
37648,214000,37649,14,37651,16,37652,1190400,37652,1190400,37658,9,37658,1324800,37659,1324800,
37751,214000,37752,14,37754,40,37755,1190400,37755,1190400,37765,27,37766,1324800,37767,1324800,
37851,214000,37852,14,37853,34,37853,1190400,37854,1190400,37858,22,37859,1324800,37859,1324800,
37952,214000,37953,14,37954,25,37954,1190400,37954,1190400,37962,15,37962,1324800,37962,1324800,
38052,214000,38053,14,38054,21,38054,1190400,38054,1190400,38060,12,38060,1324800,38061,1324800,
38153,214000,38153,14,38155,20,38155,1190400,38156,1190400,38161,12,38162,1324800,38162,1324800,
38253,214000,38254,4,38255,19,38256,1190400,38256,1190400,38261,11,38261,1324800,38262,1324800,
38353,214000,38354,4,38356,21,38357,1190400,38357,1190400,38366,12,38366,1324800,38367,1324800,
38454,214000,38455,4,38456,35,38457,1190400,38457,1190400,38466,23,38467,1324800,38467,1324800,
38555,214000,38556,4,38558,38,38559,1190400,38559,1190400,38569,25,38569,1324800,38570,1324800,
38655,214000,38656,0,38657,69,38658,1190400,38658,1190400,38665,47,38665,1324800,38665,1324800,
38756,214000,38757,0,38758,72,38759,1190400,38759,1190400,38765,47,38766,1324800,38766,1324800,
38856,214000,38857,0,38859,47,38860,1190400,38860,1190400,38869,32,38869,1324800,38870,1324800,
38957,214000,38958,0,38959,41,38959,1190400,38959,1190400,38964,27,38964,1324800,38965,1324800,
39058,214000,39059,0,39061,7,39061,1190400,39062,1190400,39068,6,39068,1324800,39069,1324800,
39158,214000,39159,0,39160,10,39161,1190400,39161,1190400,39167,9,39167,1324800,39167,1324800,
39259,214000,39260,0,39262,21,39263,1190400,39263,1190400,39270,11,39271,1324800,39271,1324800,
39359,214000,39361,0,39363,26,39364,1190400,39364,1190400,39374,16,39375,1324800,39375,1324800,
39460,214000,39462,0,39465,27,39466,1190400,39466,1190400,39477,18,39477,1324800,39478,1324800,
39560,214000,39562,0,39564,26,39565,1190400,39565,1190400,39570,16,39571,1324800,39571,1324800,
39661,214000,39662,0,39664,13,39665,1190400,39665,1190400,39672,8,39672,1324800,39673,1324800,
39762,214000,39764,0,39767,14,39768,1190400,39768,1190400,39780,9,39781,1324800,39782,1324800,
39862,214000,39864,0,39866,24,39866,1190400,39867,1190400,39876,16,39877,1324800,39877,1324800,
39963,214000,39964,0,39965,35,39966,1190400,39967,1190400,39974,23,39975,1324800,39975,1324800,
40063,214000,40064,0,40065,43,40065,1190400,40066,1190400,40071,29,40072,1324800,40072,1324800,
40164,214000,40165,0,40166,46,40167,1190400,40167,1190400,40173,29,40173,1324800,40174,1324800,
40264,214000,40266,0,40267,20,40268,1190400,40268,1190400,40275,12,40275,1324800,40275,1324800,
40365,214000,40366,0,40367,10,40368,1190400,40368,1190400,40374,6,40375,1324800,40375,1324800,
40466,214000,40467,0,40469,19,40470,1190400,40471,1190400,40476,14,40477,1324800,40477,1324800,
40566,214000,40567,5,40569,8,40569,1190400,40570,1190400,40575,3,40576,1324800,40576,1324800,
40667,214000,40667,0,40669,15,40669,1190400,40669,1190400,40674,10,40675,1324800,40675,1324800,
40767,214000,40768,0,40770,15,40770,1190400,40771,1190400,40776,10,40777,1324800,40777,1324800,
40868,214000,40869,0,40870,8,40871,1190400,40871,1190400,40876,4,40877,1324800,40877,1324800,
40969,214000,40970,0,40972,13,40972,1190400,40973,1190400,40978,9,40979,1324800,40979,1324800,
41070,214000,41070,0,41072,19,41073,1190400,41073,1190400,41079,10,41080,1324800,41080,1324800,
41170,214000,41171,0,41173,20,41173,1190400,41174,1190400,41184,13,41184,1324800,41185,1324800,
41271,214000,41272,0,41274,26,41275,1190400,41275,1190400,41282,16,41283,1324800,41283,1324800,
41372,214000,41373,0,41374,15,41374,1190400,41375,1190400,41381,9,41381,1324800,41382,1324800,
41472,214000,41473,0,41476,13,41476,1190400,41477,1190400,41487,7,41488,1324800,41489,1324800,
41573,214000,41574,0,41576,13,41577,1190400,41577,1190400,41587,9,41588,1324800,41588,1324800,
41673,214000,41674,0,41676,8,41676,1190400,41676,1190400,41683,5,41684,1324800,41685,1324800,
41774,214000,41775,0,41776,21,41777,1190400,41777,1190400,41784,13,41784,1324800,41785,1324800,
41874,214000,41876,0,41877,14,41878,1190400,41878,1190400,41884,9,41885,1324800,41885,1324800,
41975,214000,41976,0,41977,7,41978,1190400,41978,1190400,41985,4,41986,1324800,41986,1324800,
42076,214000,42077,0,42078,10,42079,1190400,42079,1190400,42086,6,42086,1324800,42087,1324800,
42176,214000,42178,0,42180,8,42181,1190400,42182,1190400,42188,8,42189,1324800,42189,1324800,
42277,214000,42278,0,42280,47,42280,1190400,42281,1190400,42287,29,42287,1324800,42288,1324800,
42378,214000,42379,0,42381,7,42381,1190400,42382,1190400,42388,5,42389,1324800,42389,1324800,
42478,214000,42480,0,42482,8,42482,1190400,42483,1190400,42489,8,42489,1324800,42489,1324800,
42579,214000,42580,0,42581,14,42582,1190400,42582,1190400,42588,6,42588,1324800,42589,1324800,
42680,214000,42681,0,42683,17,42683,1190400,42683,1190400,42690,9,42690,1324800,42691,1324800,
42780,214000,42782,0,42783,10,42784,1190400,42784,1190400,42790,6,42790,1324800,42791,1324800,
42881,214000,42882,0,42883,7,42884,1190400,42884,1190400,42890,4,42890,1324800,42891,1324800,
42982,214000,42983,0,42985,12,42985,1190400,42986,1190400,42992,8,42992,1324800,42993,1324800,
43083,214000,43084,0,43085,10,43086,1190400,43086,1190400,43093,7,43094,1324800,43094,1324800,
43183,214000,43185,0,43186,17,43187,1190400,43187,1190400,43197,9,43198,1324800,43198,1324800,
43284,214000,43285,0,43287,17,43287,1190400,43288,1190400,43299,11,43300,1324800,43301,1324800,
43384,214000,43385,0,43387,45,43387,1190400,43388,1190400,43394,29,43394,1324800,43395,1324800,
43485,214000,43486,0,43487,25,43488,1190400,43488,1190400,43495,17,43495,1324800,43495,1324800,
43586,214000,43587,0,43588,16,43589,1190400,43589,1190400,43595,10,43596,1324800,43596,1324800,
43687,214000,43688,0,43689,19,43690,1190400,43690,1190400,43697,15,43697,1324800,43697,1324800,
43787,214000,43788,0,43790,17,43791,1190400,43791,1190400,43798,8,43799,1324800,43799,1324800,
43887,214000,43889,0,43890,13,43891,1190400,43891,1190400,43898,9,43899,1324800,43899,1324800,
43988,214000,43989,0,43990,23,43991,1190400,43992,1190400,43998,14,43999,1324800,43999,1324800,
44089,214000,44090,0,44091,10,44092,1190400,44092,1190400,44098,5,44098,1324800,44098,1324800,
44139,214000,44141,0,44144,25,44145,1190400,44145,1190400,44153,15,44154,1324800,44154,1324800,
44240,214000,44241,0,44243,29,44244,1190400,44245,1190400,44252,18,44252,1324800,44253,1324800,
44340,214000,44342,5,44344,37,44344,1190400,44345,1190400,44352,24,44353,1324800,44353,1324800,
44440,214000,44442,0,44447,32,44448,1190400,44448,1190400,44456,21,44457,1324800,44457,1324800,
44541,214000,44544,0,44548,22,44548,1190400,44549,1190400,44559,14,44559,1324800,44560,1324800,
44641,214000,44643,0,44644,23,44645,1190400,44645,1190400,44656,16,44657,1324800,44657,1324800,
44742,214000,44743,0,44745,32,44745,1190400,44746,1190400,44753,21,44754,1324800,44754,1324800,
44843,214000,44845,0,44847,31,44848,1190400,44849,1190400,44856,20,44857,1324800,44857,1324800,
44943,214000,44943,0,44945,13,44945,1190400,44946,1190400,44951,8,44952,1324800,44952,1324800,
45043,214000,45045,0,45047,17,45048,1190400,45049,1190400,45055,11,45055,1324800,45055,1324800,
45144,214000,45145,0,45147,5,45148,1190400,45149,1190400,45159,4,45160,1324800,45160,1324800,
45244,214000,45246,0,45248,25,45249,1190400,45249,1190400,45262,15,45263,1324800,45264,1324800,
45345,214000,45346,0,45348,16,45348,1190400,45349,1190400,45355,10,45356,1324800,45356,1324800,
45446,214000,45447,0,45448,13,45449,1190400,45449,1190400,45455,7,45455,1324800,45456,1324800,
45546,214000,45548,0,45549,15,45550,1190400,45550,1190400,45556,10,45556,1324800,45557,1324800,
45647,214000,45649,0,45650,5,45651,1190400,45651,1190400,45657,3,45657,1324800,45658,1324800,
45748,214000,45749,0,45750,15,45751,1190400,45751,1190400,45757,13,45758,1324800,45758,1324800,
45848,214000,45850,0,45852,15,45852,1190400,45853,1190400,45858,8,45859,1324800,45859,1324800,
45949,214000,45950,0,45951,10,45952,1190400,45953,1190400,45959,7,45959,1324800,45960,1324800,
46049,214000,46050,0,46052,22,46053,1190400,46053,1190400,46059,11,46060,1324800,46060,1324800,
46149,214000,46151,0,46153,16,46154,1190400,46155,1190400,46162,11,46162,1324800,46163,1324800,
46250,214000,46252,0,46255,15,46256,1190400,46256,1190400,46262,10,46263,1324800,46263,1324800,
46350,214000,46351,0,46353,18,46354,1190400,46354,1190400,46361,13,46362,1324800,46362,1324800,
46451,214000,46453,0,46455,17,46456,1190400,46456,1190400,46461,11,46462,1324800,46462,1324800,
46552,214000,46553,0,46555,21,46555,1190400,46555,1190400,46562,15,46562,1324800,46563,1324800,
46652,214000,46653,0,46655,10,46656,1190400,46656,1190400,46663,5,46663,1324800,46664,1324800,
46753,214000,46754,0,46755,13,46756,1190400,46756,1190400,46762,8,46762,1324800,46763,1324800,
46853,214000,46854,0,46855,8,46856,1190400,46856,1190400,46862,4,46862,1324800,46862,1324800,
46954,214000,46956,0,46958,14,46959,1190400,46960,1190400,46968,9,46969,1324800,46970,1324800,
47054,214000,47055,0,47057,10,47057,1190400,47057,1190400,47063,7,47063,1324800,47064,1324800,
47155,214000,47157,0,47159,16,47159,1190400,47160,1190400,47170,12,47171,1324800,47171,1324800,
47255,214000,47257,0,47260,41,47260,1190400,47261,1190400,47271,24,47271,1324800,47272,1324800,
47356,214000,47358,0,47360,38,47361,1190400,47362,1190400,47372,22,47373,1324800,47374,1324800,
47456,214000,47457,0,47458,47,47459,1190400,47459,1190400,47464,29,47465,1324800,47465,1324800,
47557,214000,47558,0,47560,7,47560,1190400,47561,1190400,47566,6,47566,1324800,47567,1324800,
47658,214000,47659,0,47661,2,47662,1190400,47662,1190400,47668,3,47668,1324800,47669,1324800,
47759,214000,47760,0,47761,12,47762,1190400,47762,1190400,47769,7,47769,1324800,47770,1324800,
47859,214000,47860,0,47862,39,47863,1190400,47864,1190400,47874,23,47874,1324800,47875,1324800,
47959,214000,47960,0,47961,30,47962,1190400,47962,1190400,47967,23,47967,1324800,47967,1324800,
,,,,,,,,,,,,,,,,

System Statistics:
Sensor Id,Name,Type,Average
400,"GPU Frequency",GPU Frequency [KHz],177135.69937369518
401,"GPU Load",GPU Load [%],12.713987473903966
600,"CPU Load",CPU Load [%],38.15240083507307
601,"CPU Load (Normalized)",CPU Load [%],28.1356993736952
1000,"CPU1 Frequency",CPU Frequency [kHz],1307524.0083507306
1001,"CPU2 Frequency",CPU Frequency [kHz],1307524.0083507306
1002,"CPU3 Frequency",CPU Frequency [kHz],1457716.9102296452
1003,"CPU4 Frequency",CPU Frequency [kHz],1457716.9102296452


